Wall time,Step,Value
1701111306.338558,1542,0.16449934244155884
1701111379.4563773,3084,0.2035110592842102
1701111452.9047148,4626,0.2035110592842102
1701111526.2993593,6168,0.2048114389181137
1701111599.7843463,7710,0.2022106647491455
1701111678.1830802,9252,0.20806242525577545
1701111757.6448498,10794,0.2126137912273407
1701111836.6120546,12336,0.22496749460697174
1701111913.5485756,13878,0.23146943747997284
1701111992.7582765,15420,0.24642392992973328
1701112072.540483,16962,0.2594278156757355
1701112152.213705,18504,0.23146943747997284
1701112232.2197328,20046,0.24707412719726562
1701112312.1559181,21588,0.23732119798660278
1701112391.3119066,23130,0.23537060618400574
1701112471.217663,24672,0.23732119798660278
1701112551.0234768,26214,0.21196359395980835
1701112631.2782753,27756,0.23992197215557098
1701112711.2688763,29298,0.22886866331100464
1701112791.2982767,30840,0.24122236669063568
