Wall time,Step,Value
1701266156.2232056,0,0.693913459777832
1701266402.2050557,1,0.7229658961296082
1701266650.0256138,2,0.7446514368057251
1701266898.3318229,3,0.7568248510360718
1701267145.4270372,4,0.7676084637641907
1701267394.084382,5,0.7713584899902344
1701267642.7550921,6,0.7843542098999023
1701267891.6350763,7,0.7941133975982666
1701268139.9595308,8,0.804244875907898
1701268377.3714342,9,0.81617271900177
1701268616.0962768,10,0.8260518312454224
1701268869.1089323,11,0.8317742943763733
1701269125.2020361,12,0.8354901671409607
1701269365.2310326,13,0.84273761510849
1701269604.4458308,14,0.8469498157501221
1701269842.102993,15,0.8505016565322876
1701270080.2785752,16,0.8583794236183167
1701270320.6854517,17,0.86163330078125
1701270575.2754927,18,0.8617390990257263
1701270830.4419422,19,0.8703593015670776
