Wall time,Step,Value
1701266184.1722083,0,0.675459623336792
1701266430.2268574,1,0.7082319855690002
1701266678.4619427,2,0.7339834570884705
1701266926.716102,3,0.7430625557899475
1701267174.0229964,4,0.7543601989746094
1701267423.0129266,5,0.7534360289573669
1701267671.3560007,6,0.76539546251297
1701267920.2436519,7,0.7710107564926147
1701268167.873114,8,0.7792662382125854
1701268405.5732248,9,0.7886425852775574
1701268644.1915371,10,0.7977892160415649
1701268898.506544,11,0.8011002540588379
1701269153.1884863,12,0.8031451106071472
1701269392.8377702,13,0.813023567199707
1701269632.048122,14,0.8111568093299866
1701269869.802706,15,0.8169369697570801
1701270107.7144828,16,0.8211063742637634
1701270349.8845255,17,0.8232331275939941
1701270604.3188741,18,0.8147274255752563
1701270859.422314,19,0.8265939354896545
