Wall time,Step,Value
1701427816.03754,0,0.6747781038284302
1701428058.9472008,1,0.720778226852417
1701428316.4165046,2,0.7318024635314941
1701428572.4365141,3,0.7526232004165649
1701428827.6965127,4,0.7614831328392029
1701429085.1350093,5,0.7691757082939148
1701429343.7381434,6,0.7737529873847961
1701429606.0500412,7,0.7809805870056152
1701429866.644373,8,0.7917870879173279
1701430125.4788673,9,0.8049863576889038
1701430370.8663316,10,0.8154041767120361
1701430615.5741785,11,0.8202491998672485
1701430861.4879394,12,0.8290418386459351
1701431116.126047,13,0.8355282545089722
1701431362.6006613,14,0.8420869708061218
1701431610.2119384,15,0.8425750136375427
1701431856.6779456,16,0.8496434092521667
1701432114.1739283,17,0.8550887703895569
1701432371.3289876,18,0.8592186570167542
1701432629.9037561,19,0.8638150095939636
