Wall time,Step,Value
1701718596.6825602,0,0.8510004281997681
1701718833.7067888,1,0.8837342262268066
1701719068.7163754,2,0.9026235342025757
1701719299.5946596,3,0.9069053530693054
1701719531.1429253,4,0.9056573510169983
1701719765.7569993,5,0.920295000076294
1701720000.545729,6,0.9237326979637146
1701720234.1884027,7,0.9244796633720398
1701720466.5036235,8,0.9283419251441956
1701720702.4334931,9,0.9318494200706482
1701720937.845945,10,0.9364389181137085
1701721168.5839143,11,0.9395601749420166
1701721405.5066469,12,0.9417341947555542
1701721642.4813979,13,0.9440242052078247
1701721875.6469095,14,0.946469247341156
1701722111.5948734,15,0.9550435543060303
1701722344.7444296,16,0.9570904970169067
1701722582.871972,17,0.9657167196273804
1701722816.071939,18,0.9661572575569153
1701723054.0204706,19,0.973676323890686
