Wall time,Step,Value
1701722438.4760187,0,0.8651036620140076
1701722675.4850867,1,0.8954567909240723
1701722910.659237,2,0.9028459787368774
1701723145.5212746,3,0.9142273664474487
1701723379.9495745,4,0.9192370176315308
1701723613.7112055,5,0.9227818846702576
1701723845.669664,6,0.9293999671936035
1701724075.359441,7,0.9045093655586243
1701724308.1450915,8,0.931245744228363
1701724536.5868976,9,0.9446620345115662
1701724769.755404,10,0.9521345496177673
1701725002.3687828,11,0.9591065049171448
1701725232.8161004,12,0.9678149819374084
1701725465.6354299,13,0.9741150736808777
1701725697.3248754,14,0.9749335050582886
1701725931.2050018,15,0.9811311364173889
1701726162.69594,16,0.9920026063919067
1701726393.1495295,17,0.9892977476119995
1701726627.8653998,18,0.9936249256134033
1701726859.5079331,19,0.9972031116485596
