Wall time,Step,Value
1701717713.271623,0,0.743365466594696
1701717948.6563945,1,0.848799467086792
1701718179.0364718,2,0.863502562046051
1701718407.7897315,3,0.8785246014595032
1701718641.768922,4,0.8800268769264221
1701718876.4367573,5,0.8799870014190674
1701719108.8710544,6,0.8862999081611633
1701719347.8781745,7,0.8869730830192566
1701719582.8376894,8,0.8895659446716309
1701719817.672976,9,0.8894248008728027
1701720053.8202329,10,0.890099048614502
1701720288.4692938,11,0.8927672505378723
1701720527.7863958,12,0.8906540274620056
1701720763.0229928,13,0.8920438885688782
1701721000.6075368,14,0.891441285610199
1701721234.1761718,15,0.8864978551864624
1701721470.9209638,16,0.8913482427597046
1701721704.8035223,17,0.8886124491691589
1701721938.0061622,18,0.8898648023605347
1701722174.074076,19,0.8856608867645264
