Wall time,Step,Value
1701722443.551415,0,0.8376955389976501
1701722678.7789638,1,0.8663784861564636
1701722915.8708057,2,0.8810790181159973
1701723153.1958897,3,0.885911762714386
1701723386.0717258,4,0.8911565542221069
1701723618.4888413,5,0.8877373933792114
1701723847.9307044,6,0.8874214887619019
1701724078.2663329,7,0.8885713815689087
1701724308.5707605,8,0.8913668990135193
1701724541.4141204,9,0.8910984396934509
1701724772.7807646,10,0.8896544575691223
1701725005.2498083,11,0.8832572102546692
1701725237.2689085,12,0.8848935961723328
1701725471.5587475,13,0.87028968334198
1701725702.1686082,14,0.875287652015686
1701725932.2882082,15,0.871539831161499
1701726164.9116397,16,0.8648274540901184
1701726396.6413143,17,0.855761706829071
1701726631.434038,18,0.8585481643676758
1701726864.8921695,19,0.8547469973564148
