Wall time,Step,Value
1701717705.4633994,0,0.7652480602264404
1701717940.8537483,1,0.8721301555633545
1701718171.51874,2,0.8864980936050415
1701718399.9881058,3,0.8991842269897461
1701718633.8010948,4,0.9088735580444336
1701718868.306133,5,0.9097048044204712
1701719101.1421485,6,0.9176535606384277
1701719340.0050044,7,0.9185041189193726
1701719575.0254686,8,0.9229893684387207
1701719809.7343285,9,0.9261548519134521
1701720046.0775177,10,0.9261161088943481
1701720280.3201513,11,0.9314645528793335
1701720519.805863,12,0.9326802492141724
1701720755.5293474,13,0.934135377407074
1701720993.0217218,14,0.9338604807853699
1701721226.5387428,15,0.9388493299484253
1701721463.260681,16,0.9427231550216675
1701721696.772861,17,0.9437705278396606
1701721929.8778307,18,0.9446446895599365
1701722166.1331625,19,0.9474369883537292
