Wall time,Step,Value
1701722446.0963018,0,0.8467939496040344
1701722683.1464062,1,0.8701052069664001
1701722918.41468,2,0.8759395480155945
1701723153.293392,3,0.8858271837234497
1701723387.7210631,4,0.8858676552772522
1701723621.316756,5,0.8861297369003296
1701723853.2789547,6,0.8893577456474304
1701724083.1472003,7,0.8662302494049072
1701724315.9555337,8,0.8801432251930237
1701724544.382935,9,0.8874254822731018
1701724777.5806768,10,0.8876287937164307
1701725009.8775098,11,0.879905641078949
1701725240.5660706,12,0.877270519733429
1701725473.4826424,13,0.8733218908309937
1701725705.0154073,14,0.8626902103424072
1701725938.8991199,15,0.8570145964622498
1701726170.477437,16,0.8645173907279968
1701726400.9249153,17,0.8518189787864685
1701726635.6396117,18,0.8511990904808044
1701726867.3397756,19,0.8530589938163757
