Wall time,Step,Value
1701722436.0298908,0,0.854381799697876
1701722671.4764357,1,0.8903564214706421
1701722908.602122,2,0.9036421775817871
1701723144.355918,3,0.9114663600921631
1701723378.519692,4,0.9232164621353149
1701723610.5721056,5,0.9194419980049133
1701723840.6987863,6,0.9295523166656494
1701724070.5415566,7,0.9325470328330994
1701724301.0861518,8,0.9384512305259705
1701724533.638999,9,0.9484125375747681
1701724765.0114698,10,0.94802325963974
1701724998.0229862,11,0.9547679424285889
1701725229.3228862,12,0.9616339206695557
1701725463.7814736,13,0.960345983505249
1701725694.3730447,14,0.977458119392395
1701725924.4688504,15,0.9847604036331177
1701726156.972772,16,0.9855791330337524
1701726388.724917,17,0.9871397018432617
1701726623.5336263,18,0.9943724870681763
1701726857.0099483,19,0.9948984384536743
