Wall time,Step,Value
1701718603.9887784,0,0.8238378763198853
1701718841.436255,1,0.8624992370605469
1701719076.2641876,2,0.877045214176178
1701719306.9977624,3,0.8827478885650635
1701719539.0172641,4,0.8789093494415283
1701719773.4038146,5,0.8900560736656189
1701720008.4847198,6,0.8865814805030823
1701720241.9487824,7,0.8891057968139648
1701720474.3373945,8,0.8921636343002319
1701720710.2768087,9,0.8937259316444397
1701720945.7899075,10,0.8952850103378296
1701721176.0035899,11,0.8915407657623291
1701721413.3936872,12,0.8897141218185425
1701721650.3191977,13,0.8867635130882263
1701721883.063603,14,0.8873149752616882
1701722119.5213513,15,0.8850979208946228
1701722352.5590386,16,0.8798452019691467
1701722590.7953289,17,0.8852485418319702
1701722823.8046672,18,0.8725041151046753
1701723061.5877578,19,0.8716918230056763
