Wall time,Step,Value
1701717690.5950408,0,0.6569087505340576
1701717928.3931408,1,0.7635911703109741
1701718168.2988522,2,0.8391510844230652
1701718405.9841068,3,0.8583447933197021
1701718643.2422538,4,0.8692446351051331
1701718877.8290737,5,0.8708004355430603
1701719112.6834254,6,0.8755067586898804
1701719350.3978727,7,0.879822850227356
1701719583.2788436,8,0.8806653618812561
1701719819.7109027,9,0.8855707049369812
1701720054.1632583,10,0.8852273225784302
1701720289.5960894,11,0.8868160247802734
1701720528.6602929,12,0.8882494568824768
1701720763.6726155,13,0.889370322227478
1701721000.2599115,14,0.8887346386909485
1701721235.6349783,15,0.8907714486122131
1701721471.7926166,16,0.8910518288612366
1701721707.581517,17,0.8896722197532654
1701721939.723698,18,0.89007568359375
1701722175.0560935,19,0.8905044794082642
