Wall time,Step,Value
1701266270.0853379,0,89.4793930053711
1701266516.7915506,1,88.47279357910156
1701266765.0358498,2,84.92387390136719
1701267013.0718207,3,83.79011535644531
1701267260.4263496,4,82.05326080322266
1701267509.7443109,5,82.66159057617188
1701267758.5881057,6,82.5782470703125
1701268007.467942,7,80.41509246826172
1701268251.0607593,8,79.3059310913086
1701268489.3896668,9,78.53570556640625
1701268732.2552726,10,78.01433563232422
1701268988.010252,11,77.69979095458984
1701269237.1374478,12,79.37708282470703
1701269476.6729739,13,78.09452056884766
1701269715.62424,14,77.83426666259766
1701269953.4177217,15,76.99530029296875
1701270191.171004,16,74.03536224365234
1701270438.8112397,17,75.94648742675781
1701270693.3713076,18,76.27439880371094
1701270948.621869,19,74.55632781982422
